"id_spe","tsn","genus","species","en_common_name","fr_common_name"
"18031-ABI-NA",18031,"Abies",NA,"fir",NA
"18032-ABI-BAL",18032,"Abies","balsamea","Balsam fir ;balsam fir","Sapin baumier"
"18033-PIC-NA",18033,"Picea",NA,"spruce",NA
"18034-PIC-RUB",18034,"Picea","rubens","Red spruce ;red spruce","Épinette rouge"
"18035-PIN-NA",18035,"Pinus",NA,"pine",NA
"18036-PIN-ELL",18036,"Pinus","elliottii","slash pine",NA
"18037-PIN-TAE",18037,"Pinus","taeda","loblolly pine",NA
"18038-PIN-PAL",18038,"Pinus","palustris","longleaf pine",NA
"18041-TAX-DIS",18041,"Taxodium","distichum","baldcypress",NA
"18046-CHA-THY",18046,"Chamaecyparis","thyoides","Atlantic white-cedar",NA
"18047-JUN-NA",18047,"Juniperus",NA,"redcedar/juniper","Genévriers"
"18048-JUN-VIR",18048,"Juniperus","virginiana","Eastern red cedar ;eastern redcedar","Genévrier de Virginie"
"18069-MAG-NA",18069,"Magnolia",NA,"magnolia",NA
"18070-MAG-VIR",18070,"Magnolia","virginiana","sweetbay",NA
"18071-MAG-ACU",18071,"Magnolia","acuminata","Cucumber tree ;cucumbertree",NA
"18073-MAG-FRA",18073,"Magnolia","fraseri","mountain or Fraser magnolia",NA
"18074-MAG-GRA",18074,"Magnolia","grandiflora","southern magnolia",NA
"18075-MAG-MAC",18075,"Magnolia","macrophylla","bigleaf magnolia",NA
"18077-MAG-TRI",18077,"Magnolia","tripetala","umbrella magnolia",NA
"18086-LIR-TUL",18086,"Liriodendron","tulipifera","Tulip tree ;yellow-poplar",NA
"18101-ANN-GLA",18101,"Annona","glabra","pond-apple",NA
"18117-ASI-TRI",18117,"Asimina","triloba","Pawpaw ;pawpaw",NA
"18149-PER-BOR",18149,"Persea","borbonia","redbay",NA
"18158-SAS-ALB",18158,"Sassafras","albidum","Sassafras ;sassafras",NA
"18175-CIN-CAM",18175,"Cinnamomum","camphora","camphortree",NA
"19020-PLA-OCC",19020,"Platanus","occidentalis","Sycamore ;American sycamore",NA
"19027-LIQ-STY",19027,"Liquidambar","styraciflua","sweetgum",NA
"19039-CEL-NA",19039,"Celtis",NA,"hackberry",NA
"19040-CEL-OCC",19040,"Celtis","occidentalis","Hackberry ;hackberry","Micocoulier occidental"
"19042-CEL-LAE",19042,"Celtis","laevigata","sugarberry",NA
"19048-ULM-NA",19048,"Ulmus",NA,"elm",NA
"19049-ULM-AME",19049,"Ulmus","americana","American elm ;American elm","'Orme d''Amérique'"
"19050-ULM-RUB",19050,"Ulmus","rubra","Red elm (slippery) ;slippery elm","Orme rouge"
"19051-ULM-ALA",19051,"Ulmus","alata","winged elm",NA
"19052-ULM-CRA",19052,"Ulmus","crassifolia","cedar elm",NA
"19057-ULM-PUM",19057,"Ulmus","pumila","Siberian elm",NA
"19058-ULM-SER",19058,"Ulmus","serotina","September elm",NA
"19059-ULM-THO",19059,"Ulmus","thomasii","Rock elm ;rock elm","Orme de Thomas"
"19061-PLA-AQU",19061,"Planera","aquatica","water-elm, planertree",NA
"19066-MOR-ALB",19066,"Morus","alba","white mulberry",NA
"19070-MOR-RUB",19070,"Morus","rubra","Red mulberry ;red mulberry",NA
"19092-FIC-AUR",19092,"Ficus","aurea","Florida strangler fig",NA
"19102-MAC-POM",19102,"Maclura","pomifera","Osage-orange",NA
"19223-CAR-NA",19223,"Carya",NA,"hickory",NA
"19227-CAR-COR",19227,"Carya","cordiformis","Bitternut hickory ;bitternut hickory","Caryer cordiforme"
"19231-CAR-GLA",19231,"Carya","glabra","Pignut hickory ;pignut hickory",NA
"19234-CAR-ILL",19234,"Carya","illinoinensis","pecan",NA
"19235-CAR-LAC",19235,"Carya","laciniosa","Big shellbark hickory ;shellbark hickory",NA
"19239-CAR-MYR",19239,"Carya","myristiciformis","nutmeg hickory",NA
"19242-CAR-OVA",19242,"Carya","ovata","Shagbark hickory ;shagbark hickory","Caryer à fruits doux"
"19244-CAR-PAL",19244,"Carya","pallida","sand hickory",NA
"19246-CAR-TEX",19246,"Carya","texana","black hickory",NA
"19248-JUG-NA",19248,"Juglans",NA,"walnut",NA
"19250-JUG-CIN",19250,"Juglans","cinerea","Butternut ;butternut","Noyer cendré"
"19254-JUG-NIG",19254,"Juglans","nigra","Black walnut ;black walnut","Noyer noir"
"19276-QUE-NA",19276,"Quercus",NA,"oak",NA
"19277-QUE-FAL",19277,"Quercus","falcata","southern red oak",NA
"19278-QUE-LYR",19278,"Quercus","lyrata","overcup oak",NA
"19279-QUE-MIC",19279,"Quercus","michauxii","swamp chestnut oak",NA
"19280-QUE-NIG",19280,"Quercus","nigra","Black oak ;water oak",NA
"19281-QUE-PAL",19281,"Quercus","palustris","Pin oak ;pin oak",NA
"19282-QUE-PHE",19282,"Quercus","phellos","willow oak",NA
"19283-QUE-VIR",19283,"Quercus","virginiana","live oak",NA
"19287-QUE-MAC",19287,"Quercus","macrocarpa","Bur oak;mossy-cup oak ;bur oak","Chêne à gros fruits"
"19288-QUE-COC",19288,"Quercus","coccinea","scarlet oak",NA
"19290-QUE-ALB",19290,"Quercus","alba","White oak ;white oak","Chêne blanc"
"19300-QUE-BIC",19300,"Quercus","bicolor","Swamp white oak ;swamp white oak","Chêne bicolore"
"19327-QUE-ELL",19327,"Quercus","ellipsoidalis","northern pin oak",NA
"19358-QUE-ILI",19358,"Quercus","ilicifolia","scrub oak",NA
"19359-QUE-IMB",19359,"Quercus","imbricaria","shingle oak",NA
"19360-QUE-INC",19360,"Quercus","incana","bluejack oak",NA
"19366-QUE-KEL",19366,"Quercus","kelloggii","California black oak",NA
"19367-QUE-LAE",19367,"Quercus","laevis","turkey oak",NA
"19368-QUE-LAU",19368,"Quercus","laurifolia","laurel oak",NA
"19374-QUE-MAR",19374,"Quercus","marilandica","blackjack oak",NA
"19377-QUE-MIN",19377,"Quercus","minima","dwarf live oak",NA
"19391-QUE-OGL",19391,"Quercus","oglethorpensis","Oglethorpe oak",NA
"19408-QUE-RUB",19408,"Quercus","rubra","Red oak ;northern red oak","Chêne rouge"
"19417-QUE-SHU",19417,"Quercus","shumardii","'Shumard''s oak ;Shumard oak'",NA
"19422-QUE-STE",19422,"Quercus","stellata","post oak",NA
"19447-QUE-VEL",19447,"Quercus","velutina","black oak",NA
"19454-CAS-DEN",19454,"Castanea","dentata","American chestnut ;American chestnut",NA
"19457-CAS-PUM",19457,"Castanea","pumila","Allegheny chinkapin",NA
"19462-FAG-GRA",19462,"Fagus","grandifolia","American beech ;American beech","Hêtre à grandes feuilles"
"19466-ALN-NA",19466,"Alnus",NA,"alder","Saule"
"19470-ALN-GLU",19470,"Alnus","glutinosa","European alder",NA
"19478-BET-NA",19478,"Betula",NA,"birch",NA
"19480-BET-NIG",19480,"Betula","nigra","river birch",NA
"19481-BET-ALL",19481,"Betula","alleghaniensis","Yellow birch ;yellow birch","Bouleau jaune"
"19487-BET-LEN",19487,"Betula","lenta","Cherry birch;sweet birch ;sweet birch",NA
"19489-BET-PAP",19489,"Betula","papyrifera","White birch;paper birch ;paper birch","Bouleau blanc (à papier)"
"19497-BET-POP",19497,"Betula","populifolia","Grey birch;wire birch ;gray birch","Bouleau gris (à feuilles de peuplier)"
"19504-CAR-CAR",19504,"Carpinus","caroliniana","Blue beech ;American hornbeam, musclewood","Charme de Caroline"
"19511-OST-VIR",19511,"Ostrya","virginiana","Ironwood ;eastern hophornbeam","Ostryer de Virginie"
"19595-GUA-DIS",19595,"Guapira","discolor","beeftree, longleaf blolly",NA
"21038-COC-DIV",21038,"Coccoloba","diversifolia","tietongue, pigeon-plum",NA
"21386-GOR-LAS",21386,"Gordonia","lasianthus","loblolly-bay",NA
"21535-TIL-NA",21535,"Tilia",NA,"basswood",NA
"21536-TIL-AME",21536,"Tilia","americana","Basswood ;white basswood","'Tilleul d''Amérique'"
"21541-TIL-PLA",21541,"Tilia","platyphyllos","Big leaf linden",NA
"22444-POP-NA",22444,"Populus",NA,"cottonwood and poplar","Peuplier hybride"
"22445-POP-DEL",22445,"Populus","deltoides","Cottonwood ;plains cottonwood","Peuplier à feuilles deltoïdes"
"22451-POP-ALB",22451,"Populus","alba","Silver poplar ;silver poplar",NA
"22453-POP-BAL",22453,"Populus","balsamifera","Balsam poplar ;balsam poplar","Peuplier baumier"
"22463-POP-GRA",22463,"Populus","grandidentata","Large tooth aspen ;bigtooth aspen","Peuplier à grandes dents"
"22465-POP-HET",22465,"Populus","heterophylla","swamp cottonwood",NA
"22468-POP-NIG",22468,"Populus","nigra","Lombardy poplar",NA
"22476-SAL-NA",22476,"Salix",NA,"willow",NA
"22484-SAL-NIG",22484,"Salix","nigra","black willow",NA
"22499-SAL-AMY",22499,"Salix","amygdaloides","peachleaf willow",NA
"22507-SAL-BEB",22507,"Salix","bebbiana","Bebb willow",NA
"22516-SAL-CAR",22516,"Salix","caroliniana","coastal plain willow",NA
"22575-SAL-PYR",22575,"Salix","pyrifolia","balsam willow",NA
"23690-OXY-ARB",23690,"Oxydendrum","arboreum","sourwood",NA
"23853-DIO-NA",23853,"Diospyros",NA,"persimmon",NA
"23855-DIO-VIR",23855,"Diospyros","virginiana","common persimmon",NA
"23863-HAL-NA",23863,"Halesia",NA,"silverbell",NA
"23864-HAL-CAR",23864,"Halesia","carolina","Carolina silverbell",NA
"23865-HAL-DIP",23865,"Halesia","diptera","two-wing silverbell",NA
"24539-CRA-NA",24539,"Crataegus",NA,"hawthorn","Aubépine"
"24552-CRA-CRU",24552,"Crataegus","crus-galli","cockspur hawthorn",NA
"24585-CRA-MOL",24585,"Crataegus","mollis","downy hawthorn",NA
"24762-PRU-NA",24762,"Prunus",NA,"cherry and plum",NA
"24763-PRU-AME",24763,"Prunus","americana","American plum",NA
"24764-PRU-SER",24764,"Prunus","serotina","Black cherry ;Prunus serotina","Cerisier tardif"
"24765-PRU-PER",24765,"Prunus","persica","peach",NA
"24770-PRU-AVI",24770,"Prunus","avium","Mazzard cherry;sweet cherry ;sweet cherry, domesticated",NA
"24773-PRU-CER",24773,"Prunus","cerasus","Sour cherry ;sour cherry, domesticated",NA
"24796-PRU-NIG",24796,"Prunus","nigra","Canada plum",NA
"24799-PRU-PEN",24799,"Prunus","pensylvanica","Pin cherry ;pin cherry","Cerisier de Pennsylvanie"
"24806-PRU-VIR",24806,"Prunus","virginiana","chokecherry","Cerisier de Virginie"
"25108-AME-NA",25108,"Amelanchier",NA,"serviceberry","Amélanchier"
"25110-AME-ARB",25110,"Amelanchier","arborea","common serviceberry",NA
"25254-MAL-NA",25254,"Malus",NA,"apple","Pommier"
"25255-MAL-ANG",25255,"Malus","angustifolia","southern crab apple",NA
"25257-MAL-COR",25257,"Malus","coronaria","sweet crab apple",NA
"25259-MAL-IOE",25259,"Malus","ioensis","prairie crab apple",NA
"25318-SOR-NA",25318,"Sorbus",NA,"mountain-ash",NA
"25319-SOR-AME",25319,"Sorbus","americana","American mountain-ash","'Sorbier d''Amérique'"
"25322-SOR-DEC",25322,"Sorbus","decora","northern mountain-ash","Sorbier des montagnes"
"25782-CER-CAN",25782,"Cercis","canadensis","Redbud ;eastern redbud",NA
"26449-ALB-JUL",26449,"Albizia","julibrissin","mimosa, silktree",NA
"26539-CLA-KEN",26539,"Cladrastis","kentukea","yellowwood",NA
"26712-GLE-AQU",26712,"Gleditsia","aquatica","waterlocust",NA
"26714-GLE-TRI",26714,"Gleditsia","triacanthos","Honey locust ;honeylocust",NA
"26879-PRO-GLA",26879,"Prosopis","glandulosa","honey mesquite",NA
"27228-MEL-QUI",27228,"Melaleuca","quinquenervia","melaleuca",NA
"27766-CON-ERE",27766,"Conocarpus","erectus","buttonwood-mangrove",NA
"27770-ELA-ANG",27770,"Elaeagnus","angustifolia","Russian-olive",NA
"27791-RHI-MAN",27791,"Rhizophora","mangle","American mangrove",NA
"27806-COR-FLO",27806,"Cornus","florida","flowering dogwood",NA
"27821-NYS-SYL",27821,"Nyssa","sylvatica","Black gum ;blackgum",NA
"27824-NYS-AQU",27824,"Nyssa","aquatica","water tupelo",NA
"27982-ILE-OPA",27982,"Ilex","opaca","American holly",NA
"28714-AES-NA",28714,"Aesculus",NA,"buckeye, horsechestnut",NA
"28718-AES-GLA",28718,"Aesculus","glabra","Ohio buckeye",NA
"28723-AES-PAV",28723,"Aesculus","pavia","red buckeye",NA
"28727-ACE-NA",28727,"Acer",NA,"maple",NA
"28728-ACE-RUB",28728,"Acer","rubrum","Red maple (soft) ;red maple","Érable rouge"
"28731-ACE-SAC",28731,"Acer","saccharum","Sugar maple (hard) ;sugar maple","Érable à sucre"
"28749-ACE-NEG",28749,"Acer","negundo","Manitoba maple;box elder ;boxelder","Érable à Giguère"
"28754-ACE-PEN",28754,"Acer","pensylvanicum","striped maple","Érable de Pennsylvanie"
"28755-ACE-PLA",28755,"Acer","platanoides","Norway maple ;Norway maple",NA
"28757-ACE-SAC",28757,"Acer","saccharinum","Silver maple (soft) ;silver maple","Érable argenté"
"28758-ACE-SPI",28758,"Acer","spicatum","mountain maple","Érable à épis"
"28761-ACE-LEU",28761,"Acer","leucoderme","chalk maple",NA
"28766-BUR-SIM",28766,"Bursera","simaruba","gumbo limbo",NA
"28801-COT-OBO",28801,"Cotinus","obovatus","smoketree",NA
"28805-MET-TOX",28805,"Metopium","toxiferum","Florida poisontree",NA
"28827-AIL-ALT",28827,"Ailanthus","altissima","ailanthus",NA
"28882-CIT-NA",28882,"Citrus",NA,"citrus",NA
"29024-MEL-AZE",29024,"Melia","azedarach","chinaberry",NA
"29026-SWI-MAH",29026,"Swietenia","mahagoni","West Indian mahogany",NA
"31901-EHR-ANA",31901,"Ehretia","anacua","Anacua knockaway",NA
"32137-AVI-GER",32137,"Avicennia","germinans","black-mangrove",NA
"32928-FRA-NA",32928,"Fraxinus",NA,"ash",NA
"32929-FRA-PEN",32929,"Fraxinus","pennsylvanica","Red ash (green) ;green ash","Frêne de Pennsylvanie"
"32931-FRA-AME",32931,"Fraxinus","americana","White ash ;white ash","'Frêne d''Amérique'"
"32934-FRA-PRO",32934,"Fraxinus","profunda","Pumpkin ash ;pumpkin ash",NA
"32935-FRA-TEX",32935,"Fraxinus","texensis","Texas ash",NA
"32941-FRA-CAR",32941,"Fraxinus","caroliniana","Carolina ash",NA
"32945-FRA-NIG",32945,"Fraxinus","nigra","Black ash ;black ash","Frêne noir"
"32947-FRA-QUA",32947,"Fraxinus","quadrangulata","Blue ash ;blue ash",NA
"33460-PAU-TOM",33460,"Paulownia","tomentosa","paulownia, empress-tree",NA
"34312-CAT-NA",34312,"Catalpa",NA,"catalpa",NA
"34313-CAT-BIG",34313,"Catalpa","bignonioides","southern catalpa",NA
"34315-CAT-SPE",34315,"Catalpa","speciosa","Northern catalpa;Indian bean ;northern catalpa",NA
"42498-ROY-NA",42498,"Roystonea",NA,"royal palm",NA
"42506-SAB-PAL",42506,"Sabal","palmetto","cabbage palmetto",NA
"181826-ABI-CON",181826,"Abies","concolor","white fir",NA
"181829-ABI-FRA",181829,"Abies","fraseri","Fraser fir",NA
"182135-ACE-NIG",182135,"Acer","nigrum","Black maple (hard) ;black maple","Érable noir"
"183269-GIN-BIL",183269,"Ginkgo","biloba","ginkgo, maidenhair tree",NA
"183289-PIC-ABI",183289,"Picea","abies","Norway spruce ;Norway spruce","Épinette de Norvège"
"183295-PIC-GLA",183295,"Picea","glauca","White spruce ;white spruce","Épinette blanche"
"183302-PIC-MAR",183302,"Picea","mariana","Black spruce ;black spruce","Épinette noire"
"183307-PIC-PUN",183307,"Picea","pungens","blue spruce",NA
"183319-PIN-BAN",183319,"Pinus","banksiana","jack pine","Pin gris"
"183324-PIN-CLA",183324,"Pinus","clausa","sand pine",NA
"183335-PIN-ECH",183335,"Pinus","echinata","shortleaf pine",NA
"183342-PIN-GLA",183342,"Pinus","glabra","spruce pine",NA
"183364-PIN-NIG",183364,"Pinus","nigra","Austrian pine ;Austrian pine",NA
"183365-PIN-PON",183365,"Pinus","ponderosa","ponderosa pine",NA
"183369-PIN-PUN",183369,"Pinus","pungens","Table Mountain pine",NA
"183375-PIN-RES",183375,"Pinus","resinosa","Red pine ;red pine","Pin rouge"
"183376-PIN-RIG",183376,"Pinus","rigida","Pitch pine ;pitch pine","Pin rigide"
"183378-PIN-SER",183378,"Pinus","serotina","pond pine",NA
"183385-PIN-STR",183385,"Pinus","strobus","Eastern white pine ;eastern white pine","Pin blanc"
"183389-PIN-SYL",183389,"Pinus","sylvestris","Scots pine ;Scotch pine","Pin sylvestre"
"183394-PIN-VIR",183394,"Pinus","virginiana","Virginia pine",NA
"183396-TSU-NA",183396,"Tsuga",NA,"hemlock",NA
"183397-TSU-CAN",183397,"Tsuga","canadensis","Eastern hemlock ;eastern hemlock","'Pruche de l''Est'"
"183399-TSU-CAR",183399,"Tsuga","caroliniana","Carolina hemlock",NA
"183409-LAR-NA",183409,"Larix",NA,"larch","Mélèze hybride"
"183412-LAR-LAR",183412,"Larix","laricina","Tamarack ;tamarack (native)","Mélèze laricin"
"183424-PSE-MEN",183424,"Pseudotsuga","menziesii","Douglas-fir",NA
"194812-JUN-ASH",194812,"Juniperus","ashei","Ashe juniper",NA
"194842-JUN-FLA",194842,"Juniperus","flaccida","Drooping juniper",NA
"195168-QUE-BUC",195168,"Quercus","buckleyi","Buckley oak",NA
"195184-QUE-SIM",195184,"Quercus","similis","Delta post oak",NA
"195188-QUE-TEX",195188,"Quercus","texana","Texas red oak",NA
"195195-QUE-PAG",195195,"Quercus","pagoda","cherrybark oak",NA
"195773-POP-TRE",195773,"Populus","tremuloides","Trembling aspen ;quaking aspen","Peuplier faux tremble"
"195925-NYS-BIF",195925,"Nyssa","biflora","swamp tupelo",NA
"195927-NYS-OGE",195927,"Nyssa","ogeche","Ogeechee tupelo",NA
"501318-CAS-MOL",501318,"Castanea","mollissima","Chinese chestnut",NA
"502851-GYM-DIO",502851,"Gymnocladus","dioicus","Kentucky coffee tree ;Kentucky coffeetree",NA
"503318-LAG-RAC",503318,"Laguncularia","racemosa","white-mangrove",NA
"504714-QUE-MUE",504714,"Quercus","muehlenbergii","Chinquapin oak ;chinkapin oak",NA
"504804-ROB-PSE",504804,"Robinia","pseudoacacia","black locust",NA
"505219-SID-LAN",505219,"Sideroxylon","lanuginosum","chittamwood, gum bumelia",NA
"505490-THU-OCC",505490,"Thuja","occidentalis","White cedar ;northern white-cedar","Thuya occidental"
"505662-VER-FOR",505662,"Vernicia","fordii","tungoil tree",NA
"506180-EUC-GRA",506180,"Eucalyptus","grandis","grand eucalyptus",NA
"522777-TRI-SEB",522777,"Triadica","sebifera","Chinese tallowtree",NA
"565478-SAL-ALB",565478,"Salix","alba","White willow;European willow ;white willow",NA
"837788-SAL-BAB",837788,"Salix","babylonica","Weeping willow",NA
"837871-AES-FLA",837871,"Aesculus","flava","yellow buckeye",NA
"845188-CAR-AQU",845188,"Carya","aquatica","water hickory",NA
"NA-ACA-FAR",NA,"Acacia","farnesiana","sweet acacia",NA
"NA-ACE-BAR",NA,"Acer","barbatum","Florida maple",NA
"NA-ALN-RUG",NA,"Alnus","rugosa",NA,"Aulne rugueux"
"NA-CAR-ALB",NA,"Carya","alba","mockernut hickory",NA
"NA-CAR-CAR",NA,"Carya","carolinae-septentrionalis","southern shagbark hickory",NA
"NA-CAR-OVA",NA,"Carya","ovalis","red hickory",NA
"NA-CAS-LEP",NA,"Casuarina","lepidophloia","belah",NA
"NA-FAM-NOT",NA,"Family Arecaceae","not listed above","other palms",NA
"NA-MOR-NA",NA,"Morus",NA,"mulberry",NA
"NA-PIN-BAN",NA,"Pinus","banskiana","Jack pine",NA
"NA-QUE-MAR",NA,"Quercus","margarettiae","dwarf post oak",NA
"NA-QUE-PRI",NA,"Quercus","prinus","chestnut oak",NA
"NA-QUE-SIN",NA,"Quercus","sinuata","Durand oak",NA
"NA-SAL-SEP",NA,"Salix","sepulcralis","weeping willow",NA
"NA-TAX-ASC",NA,"Taxodium","ascendens","pondcypress",NA
"NA-TRE-BRO",NA,"Tree","broadleaf","Unknown dead hardwood",NA
"NA-TRE-EVE",NA,"Tree","evergreen","Unknown dead conifer",NA
"NA-TRE-UNK",NA,"Tree","unknown","Other or unknown live tree",NA
